0x80,0x6500,0x00
0x80,0x6501,0xff
0x80,0x6502,0xff
0x80,0x6503,0xff
0x80,0x6504,0xff
0x80,0x6505,0xff
0x80,0x6506,0xff
0x80,0x6507,0x00
0x80,0x6508,0x31
0x80,0x6509,0x90
0x80,0x650a,0x3b
0x80,0x650b,0x2a
0x80,0x650c,0x0b
0x80,0x650d,0x01
0x80,0x650e,0x01
0x80,0x650f,0x01
0x80,0x6510,0x17
0x80,0x6511,0x18
0x80,0x6512,0x01
0x80,0x6513,0x03
0x80,0x6514,0x80
0x80,0x6515,0x34
0x80,0x6516,0x20
0x80,0x6517,0x78
0x80,0x6518,0xea
0x80,0x6519,0x1e
0x80,0x651a,0xc5
0x80,0x651b,0xae
0x80,0x651c,0x4f
0x80,0x651d,0x34
0x80,0x651e,0xb1
0x80,0x651f,0x26
0x80,0x6520,0x0e
0x80,0x6521,0x50
0x80,0x6522,0x54
0x80,0x6523,0xa5
0x80,0x6524,0x4b
0x80,0x6525,0x00
0x80,0x6526,0x81
0x80,0x6527,0x80
0x80,0x6528,0xa9
0x80,0x6529,0x40
0x80,0x652a,0xd1
0x80,0x652b,0xc0
0x80,0x652c,0x71
0x80,0x652d,0x4f
0x80,0x652e,0x01
0x80,0x652f,0x01
0x80,0x6530,0x01
0x80,0x6531,0x01
0x80,0x6532,0x01
0x80,0x6533,0x01
0x80,0x6534,0x01
0x80,0x6535,0x01
0x80,0x6536,0x08
0x80,0x6537,0xe8
0x80,0x6538,0x00
0x80,0x6539,0x30
0x80,0x653a,0xf2
0x80,0x653b,0x70
0x80,0x653c,0x5a
0x80,0x653d,0x80
0x80,0x653e,0xb0
0x80,0x653f,0x58
0x80,0x6540,0x8a
0x80,0x6541,0x00
0x80,0x6542,0xc4
0x80,0x6543,0x8f
0x80,0x6544,0x21
0x80,0x6545,0x00
0x80,0x6546,0x00
0x80,0x6547,0x1a
0x80,0x6548,0x00
0x80,0x6549,0x00
0x80,0x654a,0x00
0x80,0x654b,0xff
0x80,0x654c,0x00
0x80,0x654d,0x4d
0x80,0x654e,0x6f
0x80,0x654f,0x6e
0x80,0x6550,0x69
0x80,0x6551,0x74
0x80,0x6552,0x6f
0x80,0x6553,0x72
0x80,0x6554,0x0a
0x80,0x6555,0x20
0x80,0x6556,0x20
0x80,0x6557,0x20
0x80,0x6558,0x20
0x80,0x6559,0x20
0x80,0x655a,0x00
0x80,0x655b,0x00
0x80,0x655c,0x00
0x80,0x655d,0xfc
0x80,0x655e,0x00
0x80,0x655f,0x4d
0x80,0x6560,0x6f
0x80,0x6561,0x6e
0x80,0x6562,0x69
0x80,0x6563,0x74
0x80,0x6564,0x6f
0x80,0x6565,0x72
0x80,0x6566,0x0a
0x80,0x6567,0x20
0x80,0x6568,0x20
0x80,0x6569,0x20
0x80,0x656a,0x20
0x80,0x656b,0x20
0x80,0x656c,0x00
0x80,0x656d,0x00
0x80,0x656e,0x00
0x80,0x656f,0xfd
0x80,0x6570,0x00
0x80,0x6571,0x38
0x80,0x6572,0x4c
0x80,0x6573,0x1e
0x80,0x6574,0x51
0x80,0x6575,0x11
0x80,0x6576,0x00
0x80,0x6577,0x0a
0x80,0x6578,0x20
0x80,0x6579,0x20
0x80,0x657a,0x20
0x80,0x657b,0x20
0x80,0x657c,0x20
0x80,0x657d,0x20
0x80,0x657e,0x01
0x80,0x657f,0x32
0x80,0x6580,0x02
0x80,0x6581,0x03
0x80,0x6582,0x44
0x80,0x6583,0xf3
0x80,0x6584,0x59
0x80,0x6585,0x61
0x80,0x6586,0x90
0x80,0x6587,0x05
0x80,0x6588,0x04
0x80,0x6589,0x60
0x80,0x658a,0x65
0x80,0x658b,0x66
0x80,0x658c,0x03
0x80,0x658d,0x02
0x80,0x658e,0x07
0x80,0x658f,0x16
0x80,0x6590,0x64
0x80,0x6591,0x1f
0x80,0x6592,0x12
0x80,0x6593,0x13
0x80,0x6594,0x14
0x80,0x6595,0x20
0x80,0x6596,0x15
0x80,0x6597,0x11
0x80,0x6598,0x06
0x80,0x6599,0x5d
0x80,0x659a,0x5e
0x80,0x659b,0x5f
0x80,0x659c,0x62
0x80,0x659d,0x63
0x80,0x659e,0x23
0x80,0x659f,0x09
0x80,0x65a0,0x07
0x80,0x65a1,0x07
0x80,0x65a2,0x83
0x80,0x65a3,0x01
0x80,0x65a4,0x00
0x80,0x65a5,0x00
0x80,0x65a6,0x6e
0x80,0x65a7,0x03
0x80,0x65a8,0x0c
0x80,0x65a9,0x00
0x80,0x65aa,0x10
0x80,0x65ab,0x00
0x80,0x65ac,0x38
0x80,0x65ad,0x3d
0x80,0x65ae,0x20
0x80,0x65af,0x00
0x80,0x65b0,0x80
0x80,0x65b1,0x01
0x80,0x65b2,0x02
0x80,0x65b3,0x03
0x80,0x65b4,0x04
0x80,0x65b5,0x67
0x80,0x65b6,0xd8
0x80,0x65b7,0x5d
0x80,0x65b8,0xc4
0x80,0x65b9,0x01
0x80,0x65ba,0x78
0x80,0x65bb,0xc0
0x80,0x65bc,0x00
0x80,0x65bd,0xe3
0x80,0x65be,0x05
0x80,0x65bf,0x03
0x80,0x65c0,0x01
0x80,0x65c1,0xe2
0x80,0x65c2,0x0f
0x80,0x65c3,0x71
0x80,0x65c4,0x02
0x80,0x65c5,0x3a
0x80,0x65c6,0x80
0x80,0x65c7,0x18
0x80,0x65c8,0x71
0x80,0x65c9,0x38
0x80,0x65ca,0x2d
0x80,0x65cb,0x40
0x80,0x65cc,0x58
0x80,0x65cd,0x2c
0x80,0x65ce,0x45
0x80,0x65cf,0x00
0x80,0x65d0,0x13
0x80,0x65d1,0x2b
0x80,0x65d2,0x21
0x80,0x65d3,0x00
0x80,0x65d4,0x00
0x80,0x65d5,0x1e
0x80,0x65d6,0x02
0x80,0x65d7,0x3a
0x80,0x65d8,0x80
0x80,0x65d9,0x18
0x80,0x65da,0x71
0x80,0x65db,0x38
0x80,0x65dc,0x2d
0x80,0x65dd,0x40
0x80,0x65de,0x58
0x80,0x65df,0x2c
0x80,0x65e0,0x45
0x80,0x65e1,0x00
0x80,0x65e2,0x06
0x80,0x65e3,0x44
0x80,0x65e4,0x21
0x80,0x65e5,0x00
0x80,0x65e6,0x00
0x80,0x65e7,0x1e
0x80,0x65e8,0x01
0x80,0x65e9,0x1d
0x80,0x65ea,0x80
0x80,0x65eb,0x18
0x80,0x65ec,0x71
0x80,0x65ed,0x1c
0x80,0x65ee,0x16
0x80,0x65ef,0x20
0x80,0x65f0,0x58
0x80,0x65f1,0x2c
0x80,0x65f2,0x25
0x80,0x65f3,0x00
0x80,0x65f4,0x06
0x80,0x65f5,0x44
0x80,0x65f6,0x21
0x80,0x65f7,0x00
0x80,0x65f8,0x00
0x80,0x65f9,0x9e
0x80,0x65fa,0x00
0x80,0x65fb,0x00
0x80,0x65fc,0x00
0x80,0x65fd,0x00
0x80,0x65fe,0x00
0x80,0x65ff,0x55
